SET IDENTITY_INSERT [LVS].[Group] ON
INSERT INTO [LVS].[Group] ([id], [name], [current_academic_year], [current_year_of_study], [start_year])
VALUES (1, N'Group 1', 2004, 1, 2004)
INSERT INTO [LVS].[Group] ([id], [name], [current_academic_year], [current_year_of_study], [start_year])
VALUES (2, N'Group 2', 2004, 2, 2003)
INSERT INTO [LVS].[Group] ([id], [name], [current_academic_year], [current_year_of_study], [start_year])
VALUES (3, N'Group 3', 2004, 3, 2002)
INSERT INTO [LVS].[Group] ([id], [name], [current_academic_year], [current_year_of_study], [start_year])
VALUES (4, N'Group 4', 2004, 4, 2001)
INSERT INTO [LVS].[Group] ([id], [name], [current_academic_year], [current_year_of_study], [start_year])
VALUES (5, N'Group 5', 2004, 5, 2000)
INSERT INTO [LVS].[Group] ([id], [name], [current_academic_year], [current_year_of_study], [start_year])
VALUES (6, N'Group 6', 2004, 6, 1999)
INSERT INTO [LVS].[Group] ([id], [name], [current_academic_year], [current_year_of_study], [start_year])
VALUES (7, N'Group 7', 2004, 7, 1998)
INSERT INTO [LVS].[Group] ([id], [name], [current_academic_year], [current_year_of_study], [start_year])
VALUES (8, N'Group 8', 2004, 8, 1997)
INSERT INTO [LVS].[Group] ([id], [name], [current_academic_year], [current_year_of_study], [start_year])
VALUES (9, N'Group 1', 2005, 1, 2005)
INSERT INTO [LVS].[Group] ([id], [name], [current_academic_year], [current_year_of_study], [start_year])
VALUES (10, N'Group 2', 2005, 2, 2004)
INSERT INTO [LVS].[Group] ([id], [name], [current_academic_year], [current_year_of_study], [start_year])
VALUES (11, N'Group 3', 2005, 3, 2003)
INSERT INTO [LVS].[Group] ([id], [name], [current_academic_year], [current_year_of_study], [start_year])
VALUES (12, N'Group 4', 2005, 4, 2002)
INSERT INTO [LVS].[Group] ([id], [name], [current_academic_year], [current_year_of_study], [start_year])
VALUES (13, N'Group 5', 2005, 5, 2001)
INSERT INTO [LVS].[Group] ([id], [name], [current_academic_year], [current_year_of_study], [start_year])
VALUES (14, N'Group 6', 2005, 6, 2000)
INSERT INTO [LVS].[Group] ([id], [name], [current_academic_year], [current_year_of_study], [start_year])
VALUES (15, N'Group 7', 2005, 7, 1999)
INSERT INTO [LVS].[Group] ([id], [name], [current_academic_year], [current_year_of_study], [start_year])
VALUES (16, N'Group 8', 2005, 8, 1998)
SET IDENTITY_INSERT [LVS].[Group] OFF

INSERT INTO [LVS].[Student_Group] ([group_id], [student_id]) VALUES (1, 1)
INSERT INTO [LVS].[Student_Group] ([group_id], [student_id]) VALUES (1, 2)
INSERT INTO [LVS].[Student_Group] ([group_id], [student_id]) VALUES (1, 3)
INSERT INTO [LVS].[Student_Group] ([group_id], [student_id]) VALUES (1, 4)
INSERT INTO [LVS].[Student_Group] ([group_id], [student_id]) VALUES (2, 1)
INSERT INTO [LVS].[Student_Group] ([group_id], [student_id]) VALUES (2, 2)
INSERT INTO [LVS].[Student_Group] ([group_id], [student_id]) VALUES (2, 3)
INSERT INTO [LVS].[Student_Group] ([group_id], [student_id]) VALUES (2, 4)
INSERT INTO [LVS].[Student_Group] ([group_id], [student_id]) VALUES (3, 1)
INSERT INTO [LVS].[Student_Group] ([group_id], [student_id]) VALUES (3, 2)
INSERT INTO [LVS].[Student_Group] ([group_id], [student_id]) VALUES (3, 3)
INSERT INTO [LVS].[Student_Group] ([group_id], [student_id]) VALUES (3, 4)
INSERT INTO [LVS].[Student_Group] ([group_id], [student_id]) VALUES (4, 1)
INSERT INTO [LVS].[Student_Group] ([group_id], [student_id]) VALUES (4, 2)
INSERT INTO [LVS].[Student_Group] ([group_id], [student_id]) VALUES (4, 3)
INSERT INTO [LVS].[Student_Group] ([group_id], [student_id]) VALUES (4, 4)
INSERT INTO [LVS].[Student_Group] ([group_id], [student_id]) VALUES (5, 1)
INSERT INTO [LVS].[Student_Group] ([group_id], [student_id]) VALUES (5, 2)
INSERT INTO [LVS].[Student_Group] ([group_id], [student_id]) VALUES (5, 3)
INSERT INTO [LVS].[Student_Group] ([group_id], [student_id]) VALUES (5, 4)
INSERT INTO [LVS].[Student_Group] ([group_id], [student_id]) VALUES (6, 1)
INSERT INTO [LVS].[Student_Group] ([group_id], [student_id]) VALUES (6, 2)
INSERT INTO [LVS].[Student_Group] ([group_id], [student_id]) VALUES (6, 3)
INSERT INTO [LVS].[Student_Group] ([group_id], [student_id]) VALUES (6, 4)
INSERT INTO [LVS].[Student_Group] ([group_id], [student_id]) VALUES (7, 1)
INSERT INTO [LVS].[Student_Group] ([group_id], [student_id]) VALUES (7, 2)
INSERT INTO [LVS].[Student_Group] ([group_id], [student_id]) VALUES (7, 3)
INSERT INTO [LVS].[Student_Group] ([group_id], [student_id]) VALUES (7, 4)
INSERT INTO [LVS].[Student_Group] ([group_id], [student_id]) VALUES (8, 1)
INSERT INTO [LVS].[Student_Group] ([group_id], [student_id]) VALUES (8, 2)
INSERT INTO [LVS].[Student_Group] ([group_id], [student_id]) VALUES (8, 3)
INSERT INTO [LVS].[Student_Group] ([group_id], [student_id]) VALUES (8, 4)
INSERT INTO [LVS].[Student_Group] ([group_id], [student_id]) VALUES (9, 1)
INSERT INTO [LVS].[Student_Group] ([group_id], [student_id]) VALUES (9, 2)
INSERT INTO [LVS].[Student_Group] ([group_id], [student_id]) VALUES (9, 3)
INSERT INTO [LVS].[Student_Group] ([group_id], [student_id]) VALUES (9, 4)
INSERT INTO [LVS].[Student_Group] ([group_id], [student_id]) VALUES (10, 1)
INSERT INTO [LVS].[Student_Group] ([group_id], [student_id]) VALUES (10, 2)
INSERT INTO [LVS].[Student_Group] ([group_id], [student_id]) VALUES (10, 3)
INSERT INTO [LVS].[Student_Group] ([group_id], [student_id]) VALUES (10, 4)
INSERT INTO [LVS].[Student_Group] ([group_id], [student_id]) VALUES (11, 1)
INSERT INTO [LVS].[Student_Group] ([group_id], [student_id]) VALUES (11, 2)
INSERT INTO [LVS].[Student_Group] ([group_id], [student_id]) VALUES (11, 3)
INSERT INTO [LVS].[Student_Group] ([group_id], [student_id]) VALUES (11, 4)
INSERT INTO [LVS].[Student_Group] ([group_id], [student_id]) VALUES (12, 1)
INSERT INTO [LVS].[Student_Group] ([group_id], [student_id]) VALUES (12, 2)
INSERT INTO [LVS].[Student_Group] ([group_id], [student_id]) VALUES (12, 3)
INSERT INTO [LVS].[Student_Group] ([group_id], [student_id]) VALUES (12, 4)
INSERT INTO [LVS].[Student_Group] ([group_id], [student_id]) VALUES (13, 1)
INSERT INTO [LVS].[Student_Group] ([group_id], [student_id]) VALUES (13, 2)
INSERT INTO [LVS].[Student_Group] ([group_id], [student_id]) VALUES (13, 3)
INSERT INTO [LVS].[Student_Group] ([group_id], [student_id]) VALUES (13, 4)
INSERT INTO [LVS].[Student_Group] ([group_id], [student_id]) VALUES (14, 1)
INSERT INTO [LVS].[Student_Group] ([group_id], [student_id]) VALUES (14, 2)

INSERT INTO [LVS].[Student_Group] ([group_id], [student_id]) VALUES (14, 3)
INSERT INTO [LVS].[Student_Group] ([group_id], [student_id]) VALUES (14, 4)
INSERT INTO [LVS].[Student_Group] ([group_id], [student_id]) VALUES (15, 1)
INSERT INTO [LVS].[Student_Group] ([group_id], [student_id]) VALUES (15, 2)
INSERT INTO [LVS].[Student_Group] ([group_id], [student_id]) VALUES (15, 3)
INSERT INTO [LVS].[Student_Group] ([group_id], [student_id]) VALUES (15, 4)
INSERT INTO [LVS].[Student_Group] ([group_id], [student_id]) VALUES (16, 1)
INSERT INTO [LVS].[Student_Group] ([group_id], [student_id]) VALUES (16, 2)
INSERT INTO [LVS].[Student_Group] ([group_id], [student_id]) VALUES (16, 3)
INSERT INTO [LVS].[Student_Group] ([group_id], [student_id]) VALUES (16, 4)

SET IDENTITY_INSERT [LVS].[Student] ON
INSERT INTO [LVS].[Student] ([id], [student_code], [particulars], [birth_date], [first_name], [middle_name], [last_name], [start_year])
VALUES (1, N'Kuijlel001', N'Cat allergy', N'1997-08-23', N'Lars', N'Christiaan', N'Kuijlenburg', 2005)
INSERT INTO [LVS].[Student] ([id], [student_code], [particulars], [birth_date], [first_name], [middle_name], [last_name], [start_year])
VALUES (2, N'Shayan001', N'Midget', N'1992-09-22', N'Nick', N'The bomb', N'Shayan', 2004)
INSERT INTO [LVS].[Student] ([id], [student_code], [particulars], [birth_date], [first_name], [middle_name], [last_name], [start_year])
VALUES (3, N'Zammir001', N'From Malta', N'1998-09-22', N'Ryan', N'The Weirdo', N'Zammit', 1995)
INSERT INTO [LVS].[Student] ([id], [student_code], [particulars], [birth_date], [first_name], [middle_name], [last_name], [start_year])
VALUES (4, N'Tester1', N'none', N'2222-09-22', N'test1', N'test1', N'test1', 1998)
SET IDENTITY_INSERT [LVS].[Student] OFF